{"cameraMode":{"drawMode":0,"name":"Shaded","section":"Shading Mode"},"sceneLighting":true,"audioPlay":false,"sceneViewState":{"showFog":true,"showMaterialUpdate":false,"showSkybox":true,"showFlares":true,"showImageEffects":true,"showParticleSystems":true},"in2DMode":false,"pivot":{"x":10.597112655639649,"y":1.8821892738342286,"z":9.367664337158204},"rotation":{"x":0.2887064218521118,"y":0.2724902331829071,"z":-0.08607307821512222,"w":0.9138359427452087},"size":4.073364734649658,"orthographic":false}