{"cameraMode":{"drawMode":0,"name":"Shaded","section":"Shading Mode"},"sceneLighting":true,"audioPlay":false,"sceneViewState":{"showFog":true,"showMaterialUpdate":false,"showSkybox":true,"showFlares":true,"showImageEffects":true,"showParticleSystems":true},"in2DMode":false,"pivot":{"x":-40.065826416015628,"y":-0.03902149200439453,"z":8.179322242736817},"rotation":{"x":-0.16336823999881745,"y":0.10318466275930405,"z":-0.0171370729804039,"w":-0.9810779094696045},"size":4.1472249031066898,"orthographic":false}