{"cameraMode":{"drawMode":0,"name":"Shaded","section":"Shading Mode"},"sceneLighting":true,"audioPlay":false,"sceneViewState":{"showFog":true,"showMaterialUpdate":false,"showSkybox":true,"showFlares":true,"showImageEffects":true,"showParticleSystems":true},"in2DMode":false,"pivot":{"x":9.27254581451416,"y":-0.5183064937591553,"z":-1.5357890129089356},"rotation":{"x":-0.11048623919487,"y":-0.7534276843070984,"z":0.13138778507709504,"w":-0.6349172592163086},"size":4.3338422775268559,"orthographic":false}