{"cameraMode":{"drawMode":0,"name":"Shaded","section":"Shading Mode"},"sceneLighting":true,"audioPlay":false,"sceneViewState":{"showFog":true,"showMaterialUpdate":false,"showSkybox":true,"showFlares":true,"showImageEffects":true,"showParticleSystems":true},"in2DMode":false,"pivot":{"x":1.8746280670166016,"y":0.616676926612854,"z":1.0782296657562256},"rotation":{"x":0.11749517172574997,"y":0.3283234238624573,"z":-0.04119747504591942,"w":0.9365086555480957},"size":2.0101981163024904,"orthographic":false}