{"cameraMode":{"drawMode":0,"name":"Shaded","section":"Shading Mode"},"sceneLighting":false,"audioPlay":false,"sceneViewState":{"showFog":true,"showMaterialUpdate":false,"showSkybox":false,"showFlares":true,"showImageEffects":true,"showParticleSystems":true},"in2DMode":false,"pivot":{"x":60.54853057861328,"y":26.563329696655275,"z":-178.97265625},"rotation":{"x":0.1032886952161789,"y":-0.08227599412202835,"z":0.008611953817307949,"w":0.9914166927337647},"size":12.335589408874512,"orthographic":false}