{"cameraMode":{"drawMode":0,"name":"Shaded","section":"Shading Mode"},"sceneLighting":true,"audioPlay":false,"sceneViewState":{"showFog":true,"showMaterialUpdate":false,"showSkybox":true,"showFlares":true,"showImageEffects":true,"showParticleSystems":true},"in2DMode":false,"pivot":{"x":-0.6754066944122315,"y":1.5537617206573487,"z":1.7499593496322632},"rotation":{"x":-0.22627967596054078,"y":0.3713550567626953,"z":-0.09397347271442414,"w":-0.8957409262657166},"size":1.1162762641906739,"orthographic":false}