{"cameraMode":{"drawMode":0,"name":"Shaded","section":"Shading Mode"},"sceneLighting":true,"audioPlay":false,"sceneViewState":{"showFog":true,"showMaterialUpdate":false,"showSkybox":true,"showFlares":true,"showImageEffects":true,"showParticleSystems":true},"in2DMode":false,"pivot":{"x":0.261653333902359,"y":1.2669159173965455,"z":-3.293639898300171},"rotation":{"x":0.09086359292268753,"y":-0.08536534011363983,"z":0.010381778702139855,"w":0.9926525950431824},"size":2.034871816635132,"orthographic":false}