{"cameraMode":{"drawMode":0,"name":"Shaded","section":"Shading Mode"},"sceneLighting":true,"audioPlay":false,"sceneViewState":{"showFog":true,"showMaterialUpdate":false,"showSkybox":true,"showFlares":true,"showImageEffects":true,"showParticleSystems":true},"in2DMode":false,"pivot":{"x":-0.6129082441329956,"y":1.7565077543258668,"z":0.964241623878479},"rotation":{"x":-0.07928057014942169,"y":-0.05947459489107132,"z":0.004707601852715015,"w":-0.995104193687439},"size":0.893577516078949,"orthographic":false}