{"cameraMode":{"drawMode":0,"name":"Shaded","section":"Shading Mode"},"sceneLighting":true,"audioPlay":false,"sceneViewState":{"showFog":true,"showMaterialUpdate":false,"showSkybox":true,"showFlares":true,"showImageEffects":true,"showParticleSystems":true},"in2DMode":false,"pivot":{"x":-3.687852144241333,"y":0.8472462296485901,"z":8.210731506347657},"rotation":{"x":0.26758426427841189,"y":-0.010115870274603367,"z":0.002812831662595272,"w":0.9634863138198853},"size":0.4957033395767212,"orthographic":false}