{"cameraMode":{"drawMode":0,"name":"Shaded","section":"Shading Mode"},"sceneLighting":true,"audioPlay":false,"sceneViewState":{"showFog":true,"showMaterialUpdate":false,"showSkybox":true,"showFlares":true,"showImageEffects":true,"showParticleSystems":true},"in2DMode":false,"pivot":{"x":16.016033172607423,"y":11.963639259338379,"z":44.63127517700195},"rotation":{"x":0.014362834393978119,"y":-0.9829043745994568,"z":0.16516171395778657,"w":0.08386164903640747},"size":15.789063453674317,"orthographic":false}