{"cameraMode":{"drawMode":0,"name":"Shaded","section":"Shading Mode"},"sceneLighting":true,"audioPlay":false,"sceneViewState":{"showFog":true,"showMaterialUpdate":false,"showSkybox":false,"showFlares":true,"showImageEffects":true,"showParticleSystems":true},"in2DMode":false,"pivot":{"x":-0.7000007629394531,"y":0.0,"z":-0.0521998405456543},"rotation":{"x":-0.023182997480034829,"y":0.8681641817092896,"z":-0.04204726219177246,"w":-0.4950346052646637},"size":85.14105224609375,"orthographic":false}