{"cameraMode":{"drawMode":0,"name":"Shaded","section":"Shading Mode"},"sceneLighting":true,"audioPlay":false,"sceneViewState":{"showFog":true,"showMaterialUpdate":false,"showSkybox":true,"showFlares":true,"showImageEffects":true,"showParticleSystems":true},"in2DMode":false,"pivot":{"x":2.5803823471069338,"y":3.3493247032165529,"z":-4.400142669677734},"rotation":{"x":0.08222513645887375,"y":-0.46800529956817629,"z":0.04383435472846031,"w":0.8788723349571228},"size":1.2707107067108155,"orthographic":false}