{"cameraMode":{"drawMode":0,"name":"Shaded","section":"Shading Mode"},"sceneLighting":true,"audioPlay":false,"sceneViewState":{"showFog":true,"showMaterialUpdate":false,"showSkybox":true,"showFlares":true,"showImageEffects":true,"showParticleSystems":true},"in2DMode":false,"pivot":{"x":1.157501220703125,"y":0.637611985206604,"z":0.930760383605957},"rotation":{"x":0.06595814228057862,"y":-0.015439514070749283,"z":0.0021602530032396318,"w":0.9981604218482971},"size":3.093489170074463,"orthographic":false}