{"cameraMode":{"drawMode":0,"name":"Shaded","section":"Shading Mode"},"sceneLighting":false,"audioPlay":false,"sceneViewState":{"showFog":true,"showMaterialUpdate":false,"showSkybox":false,"showFlares":true,"showImageEffects":true,"showParticleSystems":true},"in2DMode":false,"pivot":{"x":-15.684342384338379,"y":-15.526504516601563,"z":-32.712833404541019},"rotation":{"x":0.07947869598865509,"y":-0.9214135408401489,"z":0.2712559998035431,"w":0.267446905374527},"size":26.129186630249025,"orthographic":false}