{"cameraMode":{"drawMode":0,"name":"Shaded","section":"Shading Mode"},"sceneLighting":true,"audioPlay":false,"sceneViewState":{"showFog":true,"showMaterialUpdate":false,"showSkybox":true,"showFlares":true,"showImageEffects":true,"showParticleSystems":true},"in2DMode":false,"pivot":{"x":13.422087669372559,"y":8.961371421813965,"z":16.598196029663087},"rotation":{"x":-0.08924062550067902,"y":0.280467689037323,"z":0.025794552639126779,"w":0.9556980729103088},"size":8.930313110351563,"orthographic":false}