{"cameraMode":{"drawMode":0,"name":"Shaded","section":"Shading Mode"},"sceneLighting":true,"audioPlay":false,"sceneViewState":{"showFog":true,"showMaterialUpdate":false,"showSkybox":true,"showFlares":true,"showImageEffects":true,"showParticleSystems":true},"in2DMode":false,"pivot":{"x":2.914830207824707,"y":1.73011314868927,"z":12.73117733001709},"rotation":{"x":0.16226238012313844,"y":0.08679202198982239,"z":-0.013781762681901455,"w":0.9832761287689209},"size":0.32843703031539919,"orthographic":false}