{"cameraMode":{"drawMode":0,"name":"Shaded","section":"Shading Mode"},"sceneLighting":false,"audioPlay":false,"sceneViewState":{"showFog":true,"showMaterialUpdate":false,"showSkybox":false,"showFlares":true,"showImageEffects":true,"showParticleSystems":true},"in2DMode":false,"pivot":{"x":580.4841918945313,"y":43.912357330322269,"z":69.66899108886719},"rotation":{"x":-0.35415762662887576,"y":-0.253525972366333,"z":0.10013999044895172,"w":-0.8948341012001038},"size":455.61907958984377,"orthographic":false}