{"cameraMode":{"drawMode":0,"name":"Shaded","section":"Shading Mode"},"sceneLighting":true,"audioPlay":false,"sceneViewState":{"showFog":true,"showMaterialUpdate":false,"showSkybox":true,"showFlares":true,"showImageEffects":true,"showParticleSystems":true},"in2DMode":false,"pivot":{"x":47.40055465698242,"y":0.7987353801727295,"z":-5.992644786834717},"rotation":{"x":-0.0015837483806535602,"y":-0.9942139387130737,"z":-0.1108347550034523,"w":0.02339896187186241},"size":0.051656365394592288,"orthographic":false}