{"cameraMode":{"drawMode":0,"name":"Shaded","section":"Shading Mode"},"sceneLighting":false,"audioPlay":false,"sceneViewState":{"showFog":true,"showMaterialUpdate":false,"showSkybox":false,"showFlares":true,"showImageEffects":true,"showParticleSystems":true},"in2DMode":false,"pivot":{"x":14.028497695922852,"y":-4.837621212005615,"z":14.219610214233399},"rotation":{"x":0.20225918292999268,"y":0.20663531124591828,"z":-0.0441824346780777,"w":0.9564333558082581},"size":15.651582717895508,"orthographic":false}