{"cameraMode":{"drawMode":0,"name":"Shaded","section":"Shading Mode"},"sceneLighting":true,"audioPlay":false,"sceneViewState":{"showFog":true,"showMaterialUpdate":false,"showSkybox":true,"showFlares":true,"showImageEffects":true,"showParticleSystems":true},"in2DMode":false,"pivot":{"x":3.04470157623291,"y":7.267051696777344,"z":-9.906107902526856},"rotation":{"x":-0.15559585392475129,"y":0.22582216560840608,"z":-0.03652000427246094,"w":-0.961045503616333},"size":3.872819185256958,"orthographic":false}