{"cameraMode":{"drawMode":0,"name":"Shaded","section":"Shading Mode"},"sceneLighting":false,"audioPlay":false,"sceneViewState":{"showFog":true,"showMaterialUpdate":false,"showSkybox":false,"showFlares":true,"showImageEffects":true,"showParticleSystems":true},"in2DMode":false,"pivot":{"x":2.0510730743408205,"y":-5.7439351081848148,"z":16.396839141845704},"rotation":{"x":0.1657874584197998,"y":0.055868133902549747,"z":-0.009319438599050045,"w":0.9846116304397583},"size":10.0,"orthographic":false}