{"cameraMode":{"drawMode":0,"name":"Shaded","section":"Shading Mode"},"sceneLighting":true,"audioPlay":false,"sceneViewState":{"showFog":true,"showMaterialUpdate":false,"showSkybox":true,"showFlares":true,"showImageEffects":true,"showParticleSystems":true},"in2DMode":false,"pivot":{"x":-2.378737211227417,"y":3.869932174682617,"z":-0.5649715662002564},"rotation":{"x":0.32297876477241518,"y":0.3043456971645355,"z":-0.11050568521022797,"w":0.8894636034965515},"size":0.5964339375495911,"orthographic":false}