{"cameraMode":{"drawMode":0,"name":"Shaded","section":"Shading Mode"},"sceneLighting":false,"audioPlay":false,"sceneViewState":{"showFog":true,"showMaterialUpdate":false,"showSkybox":false,"showFlares":true,"showImageEffects":true,"showParticleSystems":true},"in2DMode":false,"pivot":{"x":-0.6284999847412109,"y":0.6890000104904175,"z":0.0},"rotation":{"x":0.10213501751422882,"y":0.008633958175778389,"z":-0.0007626434089615941,"w":0.9948030710220337},"size":0.11180339753627777,"orthographic":false}