{"cameraMode":{"drawMode":0,"name":"Shaded","section":"Shading Mode"},"sceneLighting":false,"audioPlay":false,"sceneViewState":{"showFog":true,"showMaterialUpdate":false,"showSkybox":false,"showFlares":true,"showImageEffects":true,"showParticleSystems":true},"in2DMode":false,"pivot":{"x":471.04998779296877,"y":327.30999755859377,"z":26.099496841430665},"rotation":{"x":-0.18222327530384065,"y":0.11331832408905029,"z":-0.02134551852941513,"w":-0.976548433303833},"size":138.97967529296876,"orthographic":false}