{"cameraMode":{"drawMode":0,"name":"Shaded","section":"Shading Mode"},"sceneLighting":true,"audioPlay":false,"sceneViewState":{"showFog":true,"showMaterialUpdate":false,"showSkybox":true,"showFlares":true,"showImageEffects":true,"showParticleSystems":true},"in2DMode":false,"pivot":{"x":-0.3821222484111786,"y":0.5782652497291565,"z":3.2140955924987795},"rotation":{"x":0.12748201191425324,"y":0.0041704438626766209,"z":-0.0004269768251106143,"w":0.9919918775558472},"size":1.050053596496582,"orthographic":false}