{"cameraMode":{"drawMode":0,"name":"Shaded","section":"Shading Mode"},"sceneLighting":false,"audioPlay":false,"sceneViewState":{"showFog":true,"showMaterialUpdate":false,"showSkybox":false,"showFlares":true,"showImageEffects":true,"showParticleSystems":true},"in2DMode":false,"pivot":{"x":0.13139699399471284,"y":1.1384804248809815,"z":-33.84491729736328},"rotation":{"x":0.08519063144922257,"y":0.07664952427148819,"z":-0.0061091165989637379,"w":0.9935415387153626},"size":0.28684914112091067,"orthographic":false}