{"cameraMode":{"drawMode":0,"name":"Shaded","section":"Shading Mode"},"sceneLighting":true,"audioPlay":false,"sceneViewState":{"showFog":true,"showMaterialUpdate":false,"showSkybox":true,"showFlares":true,"showImageEffects":true,"showParticleSystems":true},"in2DMode":false,"pivot":{"x":3.2685821056365969,"y":1.1952754259109498,"z":2.9308722019195558},"rotation":{"x":0.04522918164730072,"y":-0.0217899139970541,"z":0.004388969857245684,"w":0.9991046190261841},"size":1.6119775772094727,"orthographic":false}