{"cameraMode":{"drawMode":0,"name":"Shaded","section":"Shading Mode"},"sceneLighting":true,"audioPlay":false,"sceneViewState":{"showFog":true,"showMaterialUpdate":false,"showSkybox":false,"showFlares":true,"showImageEffects":true,"showParticleSystems":true},"in2DMode":false,"pivot":{"x":-19.14060401916504,"y":-20.380319595336915,"z":-5.207524299621582},"rotation":{"x":-0.1657155305147171,"y":0.8109019994735718,"z":-0.2729257047176361,"w":-0.49086812138557436},"size":21.841163635253908,"orthographic":false}