{"cameraMode":{"drawMode":0,"name":"Shaded","section":"Shading Mode"},"sceneLighting":false,"audioPlay":false,"sceneViewState":{"showFog":true,"showMaterialUpdate":false,"showSkybox":false,"showFlares":true,"showImageEffects":true,"showParticleSystems":true},"in2DMode":false,"pivot":{"x":0.9346891045570374,"y":0.7743551731109619,"z":-0.23059403896331788},"rotation":{"x":0.11490614712238312,"y":0.2444056123495102,"z":-0.02913094125688076,"w":0.9625013470649719},"size":0.0012884692987427116,"orthographic":false}