{"cameraMode":{"drawMode":0,"name":"Shaded","section":"Shading Mode"},"sceneLighting":true,"audioPlay":false,"sceneViewState":{"showFog":true,"showMaterialUpdate":false,"showSkybox":true,"showFlares":true,"showImageEffects":true,"showParticleSystems":true},"in2DMode":false,"pivot":{"x":-3.6639413833618166,"y":3.243208169937134,"z":2.5573651790618898},"rotation":{"x":-0.16046787798404694,"y":-0.3460251986980438,"z":-0.06009984016418457,"w":0.9225196838378906},"size":1.4464466571807862,"orthographic":false}