{"cameraMode":{"drawMode":0,"name":"Shaded","section":"Shading Mode"},"sceneLighting":true,"audioPlay":false,"sceneViewState":{"showFog":true,"showMaterialUpdate":false,"showSkybox":true,"showFlares":true,"showImageEffects":true,"showParticleSystems":true},"in2DMode":false,"pivot":{"x":1.103003740310669,"y":-22.63777732849121,"z":-10.063578605651856},"rotation":{"x":-0.1179082840681076,"y":-0.7818160653114319,"z":0.1556227207183838,"w":-0.5922092795372009},"size":34.001220703125,"orthographic":false}