{"cameraMode":{"drawMode":0,"name":"Shaded","section":"Shading Mode"},"sceneLighting":true,"audioPlay":false,"sceneViewState":{"showFog":true,"showMaterialUpdate":false,"showSkybox":true,"showFlares":true,"showImageEffects":true,"showParticleSystems":true},"in2DMode":false,"pivot":{"x":-11.329080581665039,"y":-0.2629179358482361,"z":-14.530754089355469},"rotation":{"x":0.09395037591457367,"y":-0.690081000328064,"z":0.09224539250135422,"w":0.7121559977531433},"size":6.624745845794678,"orthographic":false}