{"cameraMode":{"drawMode":0,"name":"Shaded","section":"Shading Mode"},"sceneLighting":false,"audioPlay":false,"sceneViewState":{"showFog":true,"showMaterialUpdate":false,"showSkybox":false,"showFlares":true,"showImageEffects":true,"showParticleSystems":true},"in2DMode":false,"pivot":{"x":-0.4870465099811554,"y":0.6768732070922852,"z":-1.9907275438308716},"rotation":{"x":0.15122090280056,"y":-0.013653011992573738,"z":0.002244449919089675,"w":0.9884749054908752},"size":1.0606601238250733,"orthographic":false}