{"cameraMode":{"drawMode":0,"name":"Shaded","section":"Shading Mode"},"sceneLighting":true,"audioPlay":false,"sceneViewState":{"showFog":true,"showMaterialUpdate":false,"showSkybox":true,"showFlares":true,"showImageEffects":true,"showParticleSystems":true},"in2DMode":false,"pivot":{"x":-14.1614990234375,"y":1.269901990890503,"z":-3.9240078926086427},"rotation":{"x":-0.11379677057266236,"y":0.0052003501914441589,"z":-0.0012076168786734343,"w":-0.9938958883285523},"size":0.3375958204269409,"orthographic":false}