{"cameraMode":{"drawMode":0,"name":"Shaded","section":"Shading Mode"},"sceneLighting":false,"audioPlay":false,"sceneViewState":{"showFog":true,"showMaterialUpdate":false,"showSkybox":false,"showFlares":true,"showImageEffects":true,"showParticleSystems":true},"in2DMode":false,"pivot":{"x":-0.22761252522468568,"y":0.044301729649305347,"z":1.9017913341522217},"rotation":{"x":0.011898025870323182,"y":0.26062703132629397,"z":-0.003158176550641656,"w":0.9654608964920044},"size":0.0012884692987427116,"orthographic":false}