{"cameraMode":{"drawMode":0,"name":"Shaded","section":"Shading Mode"},"sceneLighting":true,"audioPlay":false,"sceneViewState":{"showFog":true,"showMaterialUpdate":false,"showSkybox":true,"showFlares":true,"showImageEffects":true,"showParticleSystems":true},"in2DMode":false,"pivot":{"x":-62.1671142578125,"y":1.4519720077514649,"z":-2.4158198833465578},"rotation":{"x":-0.06031089276075363,"y":0.817857563495636,"z":-0.08754291385412216,"w":-0.5656383037567139},"size":0.5028358697891235,"orthographic":false}