{"cameraMode":{"drawMode":0,"name":"Shaded","section":"Shading Mode"},"sceneLighting":false,"audioPlay":false,"sceneViewState":{"showFog":true,"showMaterialUpdate":false,"showSkybox":false,"showFlares":true,"showImageEffects":true,"showParticleSystems":true},"in2DMode":false,"pivot":{"x":-10.13327407836914,"y":-1.7291696071624756,"z":-4.373692512512207},"rotation":{"x":-0.10860732197761536,"y":0.6820967197418213,"z":-0.10485991835594177,"w":-0.7159090638160706},"size":9.383577346801758,"orthographic":false}