{"cameraMode":{"drawMode":0,"name":"Shaded","section":"Shading Mode"},"sceneLighting":false,"audioPlay":false,"sceneViewState":{"showFog":true,"showMaterialUpdate":false,"showSkybox":false,"showFlares":true,"showImageEffects":true,"showParticleSystems":true},"in2DMode":false,"pivot":{"x":-0.648858368396759,"y":0.6638672351837158,"z":-0.4261261522769928},"rotation":{"x":-0.04226886108517647,"y":-0.03804629668593407,"z":0.0015713376924395562,"w":-0.9984109401702881},"size":0.2576940655708313,"orthographic":false}