{"cameraMode":{"drawMode":0,"name":"Shaded","section":"Shading Mode"},"sceneLighting":true,"audioPlay":false,"sceneViewState":{"showFog":true,"showMaterialUpdate":false,"showSkybox":true,"showFlares":true,"showImageEffects":true,"showParticleSystems":true},"in2DMode":false,"pivot":{"x":-0.13032391667366029,"y":1.561543583869934,"z":-0.9735730290412903},"rotation":{"x":0.07353745400905609,"y":0.2119617462158203,"z":-0.01595708355307579,"w":0.9745149612426758},"size":0.7069706320762634,"orthographic":false}