{"cameraMode":{"drawMode":0,"name":"Shaded","section":"Shading Mode"},"sceneLighting":false,"audioPlay":false,"sceneViewState":{"showFog":true,"showMaterialUpdate":false,"showSkybox":false,"showFlares":true,"showImageEffects":true,"showParticleSystems":true},"in2DMode":false,"pivot":{"x":0.09193471819162369,"y":0.7601836323738098,"z":-2.241199493408203},"rotation":{"x":0.04078967124223709,"y":-0.02279723808169365,"z":0.0009276688215322793,"w":0.998967170715332},"size":0.6535533666610718,"orthographic":false}