{"cameraMode":{"drawMode":0,"name":"Shaded","section":"Shading Mode"},"sceneLighting":true,"audioPlay":false,"sceneViewState":{"showFog":true,"showMaterialUpdate":false,"showSkybox":false,"showFlares":true,"showImageEffects":true,"showParticleSystems":true},"in2DMode":false,"pivot":{"x":41.379878997802737,"y":-22.91321563720703,"z":-2.7923011779785158},"rotation":{"x":0.19060982763767243,"y":0.7880648970603943,"z":-0.2990247905254364,"w":0.5036558508872986},"size":21.841163635253908,"orthographic":false}