{"cameraMode":{"drawMode":0,"name":"Shaded","section":"Shading Mode"},"sceneLighting":false,"audioPlay":false,"sceneViewState":{"showFog":true,"showMaterialUpdate":false,"showSkybox":false,"showFlares":true,"showImageEffects":true,"showParticleSystems":true},"in2DMode":false,"pivot":{"x":-0.16561377048492433,"y":0.20383569598197938,"z":-0.29781222343444826},"rotation":{"x":-0.021303290501236917,"y":0.020407048985362054,"z":-0.00046858875430189073,"w":-0.9995957612991333},"size":1.0606601238250733,"orthographic":false}