{"cameraMode":{"drawMode":0,"name":"Shaded","section":"Shading Mode"},"sceneLighting":true,"audioPlay":false,"sceneViewState":{"showFog":true,"showMaterialUpdate":false,"showSkybox":true,"showFlares":true,"showImageEffects":true,"showParticleSystems":true},"in2DMode":false,"pivot":{"x":-1.2893059253692628,"y":-1.4606144428253174,"z":-14.169326782226563},"rotation":{"x":0.006817755289375782,"y":-0.9904772639274597,"z":0.12728871405124665,"w":0.05350688472390175},"size":10.0,"orthographic":false}