{"cameraMode":{"drawMode":0,"name":"Shaded","section":"Shading Mode"},"sceneLighting":false,"audioPlay":false,"sceneViewState":{"showFog":true,"showMaterialUpdate":false,"showSkybox":false,"showFlares":true,"showImageEffects":true,"showParticleSystems":true},"in2DMode":false,"pivot":{"x":0.3260103464126587,"y":0.6930737495422363,"z":-33.661495208740237},"rotation":{"x":0.06894519180059433,"y":0.024427451193332673,"z":-0.00124574382789433,"w":0.9974669814109802},"size":1.0362837314605713,"orthographic":false}