{"cameraMode":{"drawMode":0,"name":"Shaded","section":"Shading Mode"},"sceneLighting":true,"audioPlay":false,"sceneViewState":{"showFog":true,"showMaterialUpdate":false,"showSkybox":true,"showFlares":true,"showImageEffects":true,"showParticleSystems":true},"in2DMode":false,"pivot":{"x":-13.187488555908204,"y":1.4818379878997803,"z":-4.360748291015625},"rotation":{"x":0.01950921304523945,"y":0.006820966023951769,"z":-0.0006377974641509354,"w":-1.0001972913742066},"size":0.3277983069419861,"orthographic":false}