{"cameraMode":{"drawMode":0,"name":"Shaded","section":"Shading Mode"},"sceneLighting":true,"audioPlay":false,"sceneViewState":{"showFog":true,"showMaterialUpdate":false,"showSkybox":true,"showFlares":true,"showImageEffects":true,"showParticleSystems":true},"in2DMode":false,"pivot":{"x":32.70541763305664,"y":0.6252678632736206,"z":16.269290924072267},"rotation":{"x":0.06425999104976654,"y":-0.21688833832740785,"z":0.014908275566995144,"w":0.9741326570510864},"size":2.5274949073791506,"orthographic":false}