{"cameraMode":{"drawMode":0,"name":"Shaded","section":"Shading Mode"},"sceneLighting":true,"audioPlay":false,"sceneViewState":{"showFog":true,"showMaterialUpdate":false,"showSkybox":true,"showFlares":true,"showImageEffects":true,"showParticleSystems":true},"in2DMode":false,"pivot":{"x":10.770593643188477,"y":-4.409829616546631,"z":109.66980743408203},"rotation":{"x":0.028356164693832399,"y":-0.08398355543613434,"z":0.0029155982192605736,"w":0.9962077140808106},"size":49.44645690917969,"orthographic":false}