{"cameraMode":{"drawMode":0,"name":"Shaded","section":"Shading Mode"},"sceneLighting":false,"audioPlay":false,"sceneViewState":{"showFog":true,"showMaterialUpdate":false,"showSkybox":false,"showFlares":true,"showImageEffects":true,"showParticleSystems":true},"in2DMode":false,"pivot":{"x":-0.43712082505226138,"y":1.1771653890609742,"z":-1.4648077487945557},"rotation":{"x":0.031099440529942514,"y":0.07580683380365372,"z":0.002328339731320739,"w":-0.9966639876365662},"size":0.3535533845424652,"orthographic":false}