{"cameraMode":{"drawMode":0,"name":"Shaded","section":"Shading Mode"},"sceneLighting":true,"audioPlay":false,"sceneViewState":{"showFog":true,"showMaterialUpdate":false,"showSkybox":true,"showFlares":true,"showImageEffects":true,"showParticleSystems":true},"in2DMode":false,"pivot":{"x":2.4564080238342287,"y":0.7983896136283875,"z":1.5897785425186158},"rotation":{"x":0.11106355488300324,"y":0.2271977812051773,"z":-0.026060501113533975,"w":0.9673115611076355},"size":1.4132726192474366,"orthographic":false}