{"cameraMode":{"drawMode":0,"name":"Shaded","section":"Shading Mode"},"sceneLighting":false,"audioPlay":false,"sceneViewState":{"showFog":true,"showMaterialUpdate":false,"showSkybox":false,"showFlares":true,"showImageEffects":true,"showParticleSystems":true},"in2DMode":false,"pivot":{"x":0.1903834342956543,"y":0.8595045208930969,"z":-3.0101001262664797},"rotation":{"x":0.11472783237695694,"y":-0.11775314062833786,"z":0.01383336540311575,"w":0.9863702654838562},"size":1.0606601238250733,"orthographic":false}