{"cameraMode":{"drawMode":0,"name":"Shaded","section":"Shading Mode"},"sceneLighting":false,"audioPlay":false,"sceneViewState":{"showFog":true,"showMaterialUpdate":false,"showSkybox":false,"showFlares":true,"showImageEffects":true,"showParticleSystems":true},"in2DMode":false,"pivot":{"x":-0.4095253050327301,"y":0.41037678718566897,"z":0.5773299336433411},"rotation":{"x":-0.013785282149910927,"y":0.05637924373149872,"z":-0.0008167315972968936,"w":-0.9983441829681397},"size":1.189727783203125,"orthographic":false}