{"cameraMode":{"drawMode":0,"name":"Shaded","section":"Shading Mode"},"sceneLighting":false,"audioPlay":false,"sceneViewState":{"showFog":true,"showMaterialUpdate":false,"showSkybox":false,"showFlares":true,"showImageEffects":true,"showParticleSystems":true},"in2DMode":false,"pivot":{"x":-13.397577285766602,"y":-4.491194248199463,"z":-9.06481647491455},"rotation":{"x":-0.0778617411851883,"y":0.8719702363014221,"z":-0.14970272779464723,"w":-0.4601810574531555},"size":9.383577346801758,"orthographic":false}