{"cameraMode":{"drawMode":0,"name":"Shaded","section":"Shading Mode"},"sceneLighting":true,"audioPlay":false,"sceneViewState":{"showFog":true,"showMaterialUpdate":false,"showSkybox":true,"showFlares":true,"showImageEffects":true,"showParticleSystems":true},"in2DMode":false,"pivot":{"x":38.48516845703125,"y":0.7220089435577393,"z":15.787710189819336},"rotation":{"x":-5.0846981736185629e-8,"y":-0.005999115761369467,"z":3.5082342719761075e-7,"w":0.9999883770942688},"size":0.4439311623573303,"orthographic":false}