{"cameraMode":{"drawMode":0,"name":"Shaded","section":"Shading Mode"},"sceneLighting":true,"audioPlay":false,"sceneViewState":{"showFog":true,"showMaterialUpdate":false,"showSkybox":true,"showFlares":true,"showImageEffects":true,"showParticleSystems":true},"in2DMode":false,"pivot":{"x":-9.57027530670166,"y":4.552983283996582,"z":6.9427666664123539},"rotation":{"x":-0.16699106991291047,"y":-0.0536646768450737,"z":0.009337279014289379,"w":-0.9846932291984558},"size":2.0784881114959719,"orthographic":false}