{"cameraMode":{"drawMode":0,"name":"Shaded","section":"Shading Mode"},"sceneLighting":true,"audioPlay":false,"sceneViewState":{"showFog":true,"showMaterialUpdate":false,"showSkybox":true,"showFlares":true,"showImageEffects":true,"showParticleSystems":true},"in2DMode":false,"pivot":{"x":0.4700324535369873,"y":1.5203913450241089,"z":-20.709199905395509},"rotation":{"x":0.09284678846597672,"y":-0.17709790170192719,"z":0.01685973070561886,"w":0.9797165393829346},"size":3.25520658493042,"orthographic":false}