{"cameraMode":{"drawMode":0,"name":"Shaded","section":"Shading Mode"},"sceneLighting":true,"audioPlay":false,"sceneViewState":{"showFog":true,"showMaterialUpdate":false,"showSkybox":true,"showFlares":true,"showImageEffects":true,"showParticleSystems":true},"in2DMode":false,"pivot":{"x":-40.68708419799805,"y":12.235167503356934,"z":-25.664875030517579},"rotation":{"x":-0.22195594012737275,"y":-0.18558438122272492,"z":0.04285845160484314,"w":-0.9563906788825989},"size":3.255206823348999,"orthographic":false}