{"cameraMode":{"drawMode":0,"name":"Shaded","section":"Shading Mode"},"sceneLighting":true,"audioPlay":false,"sceneViewState":{"showFog":true,"showMaterialUpdate":false,"showSkybox":true,"showFlares":true,"showImageEffects":true,"showParticleSystems":true},"in2DMode":false,"pivot":{"x":61.76072692871094,"y":0.17455214262008668,"z":-4.729759216308594},"rotation":{"x":-0.04320851340889931,"y":-0.7102299928665161,"z":0.04371355101466179,"w":-0.7013422250747681},"size":4.073364734649658,"orthographic":false}