{"cameraMode":{"drawMode":0,"name":"Shaded","section":"Shading Mode"},"sceneLighting":false,"audioPlay":false,"sceneViewState":{"showFog":true,"showMaterialUpdate":false,"showSkybox":false,"showFlares":true,"showImageEffects":true,"showParticleSystems":true},"in2DMode":false,"pivot":{"x":-0.43934446573257449,"y":-0.4683145582675934,"z":3.6015613079071047},"rotation":{"x":0.08421147614717484,"y":-0.007787776179611683,"z":0.0006807457539252937,"w":0.996478259563446},"size":2.539339780807495,"orthographic":false}