{"cameraMode":{"drawMode":0,"name":"Shaded","section":"Shading Mode"},"sceneLighting":true,"audioPlay":false,"sceneViewState":{"showFog":true,"showMaterialUpdate":false,"showSkybox":true,"showFlares":true,"showImageEffects":true,"showParticleSystems":true},"in2DMode":false,"pivot":{"x":0.04798059165477753,"y":1.2523282766342164,"z":2.159318208694458},"rotation":{"x":0.07248702645301819,"y":0.8393108248710632,"z":-0.11553080379962921,"w":0.526334822177887},"size":3.007394790649414,"orthographic":false}