{"cameraMode":{"drawMode":0,"name":"Shaded","section":"Shading Mode"},"sceneLighting":true,"audioPlay":false,"sceneViewState":{"showFog":true,"showMaterialUpdate":false,"showSkybox":true,"showFlares":true,"showImageEffects":true,"showParticleSystems":true},"in2DMode":false,"pivot":{"x":-6.034195899963379,"y":-3.3677420616149904,"z":11.100199699401856},"rotation":{"x":0.23922571539878846,"y":0.006932160351425409,"z":-0.0014376315521076322,"w":0.9712342619895935},"size":7.190098285675049,"orthographic":false}