{"cameraMode":{"drawMode":0,"name":"Shaded","section":"Shading Mode"},"sceneLighting":false,"audioPlay":false,"sceneViewState":{"showFog":true,"showMaterialUpdate":false,"showSkybox":false,"showFlares":true,"showImageEffects":true,"showParticleSystems":true},"in2DMode":false,"pivot":{"x":-0.3739781379699707,"y":0.45975765585899355,"z":-0.9136590361595154},"rotation":{"x":-0.0063085416331887249,"y":-0.02608431503176689,"z":0.00011995979730272666,"w":-0.9996715784072876},"size":0.3535533845424652,"orthographic":false}