{"cameraMode":{"drawMode":0,"name":"Shaded","section":"Shading Mode"},"sceneLighting":false,"audioPlay":false,"sceneViewState":{"showFog":true,"showMaterialUpdate":false,"showSkybox":false,"showFlares":true,"showImageEffects":true,"showParticleSystems":true},"in2DMode":false,"pivot":{"x":0.3599991798400879,"y":1.043282389640808,"z":-1.2170922756195069},"rotation":{"x":0.07135798037052155,"y":0.08757992088794708,"z":0.006252223625779152,"w":-0.9936090707778931},"size":1.189727783203125,"orthographic":false}