{"cameraMode":{"drawMode":0,"name":"Shaded","section":"Shading Mode"},"sceneLighting":true,"audioPlay":false,"sceneViewState":{"showFog":true,"showMaterialUpdate":false,"showSkybox":true,"showFlares":true,"showImageEffects":true,"showParticleSystems":true},"in2DMode":false,"pivot":{"x":5.137923240661621,"y":6.944769859313965,"z":-5.076567649841309},"rotation":{"x":-0.16931021213531495,"y":0.20632582902908326,"z":-0.03631079941987991,"w":-0.9632565975189209},"size":3.81339693069458,"orthographic":false}